86.2.131.255,United Kingdom
174.80.229.128,United States
84.234.216.20,Norway
116.14.220.239,Singapore
2405:6E00:633:60:39BB:17C3:C6A1:CE0F,Australia
2003:D3:FF10:FA9A:E0CC:6523:8C91:EED0,Germany
2A02:8440:A508:6863:DBA:5AE5:7B4D:8125,France
167.154.236.184,United States
2A0A:EF40:1D05:6A01:ECB5:6E8C:21B9:D847,United Kingdom
2A02:1808:204:67F4:B958:439A:4825:94A7,Belgium
86.2.131.255,United Kingdom
2605:BA00:4207:FDE0:ECB0:FCCC:CD2:E935,Puerto Rico
2800:200:ED80:1A0:E583:7F93:E47F:C8DD,Peru
200.9.143.168,Brazil
196.128.232.63,Egypt
50.219.42.222,United States
91.75.123.176,United Arab Emirates
73.173.122.220,United States
142.169.80.69,Canada
91.75.123.176,United Arab Emirates
39.34.128.224,Pakistan
115.130.45.95,Australia
50.226.237.28,United States
2001:1970:5DEC:6100:AC04:5E86:8DB6:824A,Canada
